"date","sample_label","analysis","ppm_calculated","flag","mean","sd","cv"
2024-03-08,"_001","Fe2",0.06,"below detection",0.0433333333333333,0.0288675134594813,66.6173387526491
2024-03-08,"_001","Fe2",0.06,"below detection",0.0433333333333333,0.0288675134594813,66.6173387526491
2024-03-08,"_001","Fe2",0.01,"below detection",0.0433333333333333,0.0288675134594813,66.6173387526491
2024-03-08,"_002","Fe2",0.01,"below detection",0.01,0,0
2024-03-08,"_002","Fe2",0.01,"below detection",0.01,0,0
2024-03-08,"_002","Fe2",0.01,"below detection",0.01,0,0
2024-03-08,"_003","Fe2",2.03,"below detection",2.03,0.05,2.46305418719212
2024-03-08,"_003","Fe2",2.08,"below detection",2.03,0.05,2.46305418719212
2024-03-08,"_003","Fe2",1.98,"below detection",2.03,0.05,2.46305418719212
2024-03-08,"_004","Fe2",2.14,"below detection",2.08333333333333,0.0550757054728612,2.64363386269734
2024-03-08,"_004","Fe2",2.03,"below detection",2.08333333333333,0.0550757054728612,2.64363386269734
2024-03-08,"_004","Fe2",2.08,"below detection",2.08333333333333,0.0550757054728612,2.64363386269734
2024-03-08,"_005","Fe2",2.14,"below detection",2.1,0.0346410161513776,1.64957219768465
2024-03-08,"_005","Fe2",2.08,"below detection",2.1,0.0346410161513776,1.64957219768465
2024-03-08,"_005","Fe2",2.08,"below detection",2.1,0.0346410161513776,1.64957219768465
2024-03-08,"_006","Fe2",1.98,"below detection",1.98,0.16,8.08080808080808
2024-03-08,"_006","Fe2",2.14,"below detection",1.98,0.16,8.08080808080808
2024-03-08,"_006","Fe2",1.82,"below detection",1.98,0.16,8.08080808080808
2024-03-08,"_007","Fe2",2.19,"below detection",1.99666666666667,0.185562208796224,9.29359977276579
2024-03-08,"_007","Fe2",1.98,"below detection",1.99666666666667,0.185562208796224,9.29359977276579
2024-03-08,"_007","Fe2",1.82,"below detection",1.99666666666667,0.185562208796224,9.29359977276579
2024-03-08,"_008","Fe2",1.71,"below detection",1.69333333333333,0.0288675134594813,1.7047744168985
2024-03-08,"_008","Fe2",1.71,"below detection",1.69333333333333,0.0288675134594813,1.7047744168985
2024-03-08,"_008","Fe2",1.66,"below detection",1.69333333333333,0.0288675134594813,1.7047744168985
2024-03-08,"_009","Fe2",1.18,"below detection",1.14333333333333,0.109696551146029,9.59445053755354
2024-03-08,"_009","Fe2",1.23,"below detection",1.14333333333333,0.109696551146029,9.59445053755354
2024-03-08,"_009","Fe2",1.02,"below detection",1.14333333333333,0.109696551146029,9.59445053755354
2024-03-08,"_010","Fe2",0.01,"below detection",0.01,,
2024-03-08,"_011","Fe2",2.72,"below detection",2.295,0.601040764008565,26.1891400439462
2024-03-08,"_011","Fe2",1.87,"below detection",2.295,0.601040764008565,26.1891400439462
2024-03-08,"_012","Fe2",2.08,"below detection",2.02666666666667,0.0923760430703402,4.55802844097073
2024-03-08,"_012","Fe2",1.92,"below detection",2.02666666666667,0.0923760430703402,4.55802844097073
2024-03-08,"_012","Fe2",2.08,"below detection",2.02666666666667,0.0923760430703402,4.55802844097073
2024-03-08,"_013","Fe2",2.08,"below detection",2.03,0.05,2.46305418719212
2024-03-08,"_013","Fe2",1.98,"below detection",2.03,0.05,2.46305418719212
2024-03-08,"_013","Fe2",2.03,"below detection",2.03,0.05,2.46305418719212
2024-03-08,"_014","Fe2",1.82,"below detection",1.78333333333333,0.158219257150744,8.87210787761182
2024-03-08,"_014","Fe2",1.92,"below detection",1.78333333333333,0.158219257150744,8.87210787761182
2024-03-08,"_014","Fe2",1.61,"below detection",1.78333333333333,0.158219257150744,8.87210787761182
2024-03-08,"_015","Fe2",1.77,"below detection",1.87333333333333,0.105039675043925,5.60710009131271
2024-03-08,"_015","Fe2",1.98,"below detection",1.87333333333333,0.105039675043925,5.60710009131271
2024-03-08,"_015","Fe2",1.87,"below detection",1.87333333333333,0.105039675043925,5.60710009131271
2024-03-08,"_016","Fe2",2.03,"below detection",1.67666666666667,0.305995642670502,18.2502371374057
2024-03-08,"_016","Fe2",1.5,"below detection",1.67666666666667,0.305995642670502,18.2502371374057
2024-03-08,"_016","Fe2",1.5,"below detection",1.67666666666667,0.305995642670502,18.2502371374057
2024-03-08,"_017","Fe2",0.97,"below detection",1.18,0.19,16.1016949152542
2024-03-08,"_017","Fe2",1.34,"below detection",1.18,0.19,16.1016949152542
2024-03-08,"_017","Fe2",1.23,"below detection",1.18,0.19,16.1016949152542
2024-03-08,"_018","Fe2",0.97,"below detection",0.94,0.0424264068711928,4.5134475394886
2024-03-08,"_018","Fe2",0.91,"below detection",0.94,0.0424264068711928,4.5134475394886
2024-03-08,"_019","Fe2",2.62,"below detection",2.58333333333333,0.063508529610859,2.4583946946139
2024-03-08,"_019","Fe2",2.62,"below detection",2.58333333333333,0.063508529610859,2.4583946946139
2024-03-08,"_019","Fe2",2.51,"below detection",2.58333333333333,0.063508529610859,2.4583946946139
2024-03-08,"_020","Fe2",2.4,"below detection",2.43666666666667,0.109696551146029,4.50191044374948
2024-03-08,"_020","Fe2",2.56,"below detection",2.43666666666667,0.109696551146029,4.50191044374948
2024-03-08,"_020","Fe2",2.35,"below detection",2.43666666666667,0.109696551146029,4.50191044374948
2024-03-08,"_021","Fe2",2.99,"below detection",2.72333333333333,0.232880512996114,8.5513040267851
2024-03-08,"_021","Fe2",2.56,"below detection",2.72333333333333,0.232880512996114,8.5513040267851
2024-03-08,"_021","Fe2",2.62,"below detection",2.72333333333333,0.232880512996114,8.5513040267851
2024-03-08,"_022","Fe2",1.02,"below detection",1.67666666666667,0.569239258425957,33.9506515959815
2024-03-08,"_022","Fe2",2.03,"below detection",1.67666666666667,0.569239258425957,33.9506515959815
2024-03-08,"_022","Fe2",1.98,"below detection",1.67666666666667,0.569239258425957,33.9506515959815
2024-03-08,"_023","Fe2",2.24,"below detection",1.96,0.247588368062799,12.6320595950408
2024-03-08,"_023","Fe2",1.77,"below detection",1.96,0.247588368062799,12.6320595950408
2024-03-08,"_023","Fe2",1.87,"below detection",1.96,0.247588368062799,12.6320595950408
2024-03-08,"_024","Fe2",2.03,"below detection",1.99333333333333,0.0635085296108588,3.18604663599626
2024-03-08,"_024","Fe2",2.03,"below detection",1.99333333333333,0.0635085296108588,3.18604663599626
2024-03-08,"_024","Fe2",1.92,"below detection",1.99333333333333,0.0635085296108588,3.18604663599626
2024-03-08,"_025","Fe2",1.02,"below detection",1.00333333333333,0.0288675134594813,2.87716080991508
2024-03-08,"_025","Fe2",1.02,"below detection",1.00333333333333,0.0288675134594813,2.87716080991508
2024-03-08,"_025","Fe2",0.97,"below detection",1.00333333333333,0.0288675134594813,2.87716080991508
2024-03-08,"_026","Fe2",1.13,"below detection",0.983333333333333,0.127017059221718,12.916989073395
2024-03-08,"_026","Fe2",0.91,"below detection",0.983333333333333,0.127017059221718,12.916989073395
2024-03-08,"_026","Fe2",0.91,"below detection",0.983333333333333,0.127017059221718,12.916989073395
2024-03-08,"_027","Fe2",0.06,"below detection",0.035,0.0353553390593274,101.015254455221
2024-03-08,"_027","Fe2",0.01,"below detection",0.035,0.0353553390593274,101.015254455221
2024-03-08,"_028","Fe2",2.93,"below detection",2.58,0.308058436014987,11.9402494579452
2024-03-08,"_028","Fe2",2.35,"below detection",2.58,0.308058436014987,11.9402494579452
2024-03-08,"_028","Fe2",2.46,"below detection",2.58,0.308058436014987,11.9402494579452
2024-03-08,"_029","Fe2",3.52,"below detection",3.76666666666667,0.266895734947813,7.08572747649061
2024-03-08,"_029","Fe2",4.05,"below detection",3.76666666666667,0.266895734947813,7.08572747649061
2024-03-08,"_029","Fe2",3.73,"below detection",3.76666666666667,0.266895734947813,7.08572747649061
2024-03-08,"_030","Fe2",3.15,"below detection",2.70333333333333,0.395010548382361,14.6119808279542
2024-03-08,"_030","Fe2",2.56,"below detection",2.70333333333333,0.395010548382361,14.6119808279542
2024-03-08,"_030","Fe2",2.4,"below detection",2.70333333333333,0.395010548382361,14.6119808279542
2024-03-08,"_031","Fe2",2.03,"below detection",2.06666666666667,0.21733231083604,10.5160795565826
2024-03-08,"_031","Fe2",2.3,"below detection",2.06666666666667,0.21733231083604,10.5160795565826
2024-03-08,"_031","Fe2",1.87,"below detection",2.06666666666667,0.21733231083604,10.5160795565826
2024-03-08,"_032","Fe2",2.14,"below detection",2.03,0.11,5.41871921182267
2024-03-08,"_032","Fe2",2.03,"below detection",2.03,0.11,5.41871921182267
2024-03-08,"_032","Fe2",1.92,"below detection",2.03,0.11,5.41871921182267
2024-03-08,"_033","Fe2",1.13,"below detection",1.36,0.200748598998847,14.7609263969741
2024-03-08,"_033","Fe2",1.5,"below detection",1.36,0.200748598998847,14.7609263969741
2024-03-08,"_033","Fe2",1.45,"below detection",1.36,0.200748598998847,14.7609263969741
2024-03-08,"_034","Fe2",0.97,"below detection",1.16333333333333,0.253245598842968,21.768962651258
2024-03-08,"_034","Fe2",1.07,"below detection",1.16333333333333,0.253245598842968,21.768962651258
2024-03-08,"_034","Fe2",1.45,"below detection",1.16333333333333,0.253245598842968,21.768962651258
2024-03-08,"_035","Fe2",0.33,"below detection",0.276666666666667,0.055075705472861,19.9068814962148
2024-03-08,"_035","Fe2",0.22,"below detection",0.276666666666667,0.055075705472861,19.9068814962148
2024-03-08,"_035","Fe2",0.28,"below detection",0.276666666666667,0.055075705472861,19.9068814962148
2024-03-08,"_036","Fe2",0.22,"below detection",0.203333333333333,0.0288675134594813,14.197137766958
2024-03-08,"_036","Fe2",0.22,"below detection",0.203333333333333,0.0288675134594813,14.197137766958
2024-03-08,"_036","Fe2",0.17,"below detection",0.203333333333333,0.0288675134594813,14.197137766958
2024-03-08,"_037","Fe2",0.76,"below detection",0.81,0.05,6.17283950617284
2024-03-08,"_037","Fe2",0.86,"below detection",0.81,0.05,6.17283950617284
2024-03-08,"_037","Fe2",0.81,"below detection",0.81,0.05,6.17283950617284
2024-03-08,"_038","Fe2",0.54,"below detection",0.576666666666667,0.0635085296108588,11.0130398169119
2024-03-08,"_038","Fe2",0.65,"below detection",0.576666666666667,0.0635085296108588,11.0130398169119
2024-03-08,"_038","Fe2",0.54,"below detection",0.576666666666667,0.0635085296108588,11.0130398169119
2024-03-08,"_039","Fe2",0.81,"below detection",0.88,0.166433169770932,18.9128602012423
2024-03-08,"_039","Fe2",0.76,"below detection",0.88,0.166433169770932,18.9128602012423
2024-03-08,"_039","Fe2",1.07,"below detection",0.88,0.166433169770932,18.9128602012423
2024-03-08,"_040","Fe2",0.65,"below detection",0.523333333333333,0.135769412362775,25.9431998145431
2024-03-08,"_040","Fe2",0.54,"below detection",0.523333333333333,0.135769412362775,25.9431998145431
2024-03-08,"_040","Fe2",0.38,"below detection",0.523333333333333,0.135769412362775,25.9431998145431
2024-03-08,"_041","Fe2",0.65,"below detection",0.703333333333333,0.055075705472861,7.8306690245774
2024-03-08,"_041","Fe2",0.7,"below detection",0.703333333333333,0.055075705472861,7.8306690245774
2024-03-08,"_041","Fe2",0.76,"below detection",0.703333333333333,0.055075705472861,7.8306690245774
2024-03-08,"_042","Fe2",0.28,"below detection",0.223333333333333,0.143643076176102,64.3177953027321
2024-03-08,"_042","Fe2",0.06,"below detection",0.223333333333333,0.143643076176102,64.3177953027321
2024-03-08,"_042","Fe2",0.33,"below detection",0.223333333333333,0.143643076176102,64.3177953027321
2024-03-08,"_043","Fe2",0.06,"below detection",0.08,0.0346410161513775,43.3012701892219
2024-03-08,"_043","Fe2",0.06,"below detection",0.08,0.0346410161513775,43.3012701892219
2024-03-08,"_043","Fe2",0.12,"below detection",0.08,0.0346410161513775,43.3012701892219
2024-03-08,"_044","Fe2",0.01,"below detection",0.0633333333333333,0.0923760430703401,145.856910111063
2024-03-08,"_044","Fe2",0.01,"below detection",0.0633333333333333,0.0923760430703401,145.856910111063
2024-03-08,"_044","Fe2",0.17,"below detection",0.0633333333333333,0.0923760430703401,145.856910111063
2024-03-08,"_045","Fe2",5.17,,4.95666666666667,0.279702222610642,5.64295001904457
2024-03-08,"_045","Fe2",5.06,,4.95666666666667,0.279702222610642,5.64295001904457
2024-03-08,"_045","Fe2",4.64,"below detection",4.95666666666667,0.279702222610642,5.64295001904457
2024-03-08,"_046","Fe2",0.65,"below detection",0.596666666666667,0.055075705472861,9.23056516304933
2024-03-08,"_046","Fe2",0.54,"below detection",0.596666666666667,0.055075705472861,9.23056516304933
2024-03-08,"_046","Fe2",0.6,"below detection",0.596666666666667,0.055075705472861,9.23056516304933
2024-03-08,"_047","Fe2",0.7,"below detection",0.7,0,0
2024-03-08,"_047","Fe2",0.7,"below detection",0.7,0,0
2024-03-08,"_047","Fe2",0.7,"below detection",0.7,0,0
2024-03-08,"_048","Fe2",0.38,"below detection",0.273333333333333,0.0923760430703401,33.7961133184171
2024-03-08,"_048","Fe2",0.22,"below detection",0.273333333333333,0.0923760430703401,33.7961133184171
2024-03-08,"_048","Fe2",0.22,"below detection",0.273333333333333,0.0923760430703401,33.7961133184171
2024-03-08,"_049","Fe2",0.38,"below detection",0.433333333333333,0.0923760430703401,21.3175484008477
2024-03-08,"_049","Fe2",0.38,"below detection",0.433333333333333,0.0923760430703401,21.3175484008477
2024-03-08,"_049","Fe2",0.54,"below detection",0.433333333333333,0.0923760430703401,21.3175484008477
2024-03-08,"_050","Fe2",0.33,"below detection",0.4,0.121243556529821,30.3108891324554
2024-03-08,"_050","Fe2",0.33,"below detection",0.4,0.121243556529821,30.3108891324554
2024-03-08,"_050","Fe2",0.54,"below detection",0.4,0.121243556529821,30.3108891324554
2024-03-08,"_051","Fe2",0.22,"below detection",0.47,0.433012701892219,92.1303621047275
2024-03-08,"_051","Fe2",0.97,"below detection",0.47,0.433012701892219,92.1303621047275
2024-03-08,"_051","Fe2",0.22,"below detection",0.47,0.433012701892219,92.1303621047275
2024-03-08,"_052","Fe2",0.28,"below detection",0.223333333333333,0.055075705472861,24.6607636445646
2024-03-08,"_052","Fe2",0.17,"below detection",0.223333333333333,0.055075705472861,24.6607636445646
2024-03-08,"_052","Fe2",0.22,"below detection",0.223333333333333,0.055075705472861,24.6607636445646
2024-03-08,"_053","Fe2",1.82,"below detection",1.48333333333333,0.321299444962691,21.6606367390578
2024-03-08,"_053","Fe2",1.45,"below detection",1.48333333333333,0.321299444962691,21.6606367390578
2024-03-08,"_053","Fe2",1.18,"below detection",1.48333333333333,0.321299444962691,21.6606367390578
2024-03-08,"_054","Fe2",0.97,"below detection",0.896666666666667,0.0808290376865476,9.01439082006106
2024-03-08,"_054","Fe2",0.91,"below detection",0.896666666666667,0.0808290376865476,9.01439082006106
2024-03-08,"_054","Fe2",0.81,"below detection",0.896666666666667,0.0808290376865476,9.01439082006106
2024-03-08,"_055","Fe2",0.38,"below detection",0.436666666666667,0.143643076176102,32.8953609563591
2024-03-08,"_055","Fe2",0.6,"below detection",0.436666666666667,0.143643076176102,32.8953609563591
2024-03-08,"_055","Fe2",0.33,"below detection",0.436666666666667,0.143643076176102,32.8953609563591
2024-03-08,"_056","Fe2",0.01,"below detection",0.0466666666666667,0.0635085296108588,136.089706308983
2024-03-08,"_056","Fe2",0.12,"below detection",0.0466666666666667,0.0635085296108588,136.089706308983
2024-03-08,"_056","Fe2",0.01,"below detection",0.0466666666666667,0.0635085296108588,136.089706308983
2024-03-08,"_057","Fe2",0.22,"below detection",0.22,,
2024-03-08,"_058","Fe2",0.28,"below detection",0.223333333333333,0.055075705472861,24.6607636445646
2024-03-08,"_058","Fe2",0.17,"below detection",0.223333333333333,0.055075705472861,24.6607636445646
2024-03-08,"_058","Fe2",0.22,"below detection",0.223333333333333,0.055075705472861,24.6607636445646
2024-03-08,"_059","Fe2",0.22,"below detection",0.26,0.0346410161513776,13.3234677505298
2024-03-08,"_059","Fe2",0.28,"below detection",0.26,0.0346410161513776,13.3234677505298
2024-03-08,"_059","Fe2",0.28,"below detection",0.26,0.0346410161513776,13.3234677505298
2024-03-08,"_060","Fe2",0.76,"below detection",0.706666666666667,0.0923760430703401,13.0720815665576
2024-03-08,"_060","Fe2",0.76,"below detection",0.706666666666667,0.0923760430703401,13.0720815665576
2024-03-08,"_060","Fe2",0.6,"below detection",0.706666666666667,0.0923760430703401,13.0720815665576
2024-03-08,"_061","Fe2",0.86,"below detection",0.756666666666667,0.137961347243833,18.2327771687884
2024-03-08,"_061","Fe2",0.6,"below detection",0.756666666666667,0.137961347243833,18.2327771687884
2024-03-08,"_061","Fe2",0.81,"below detection",0.756666666666667,0.137961347243833,18.2327771687884
2024-03-08,"_062","Fe2",0.54,"below detection",0.725,0.261629509039023,36.0868288329686
2024-03-08,"_062","Fe2",0.91,"below detection",0.725,0.261629509039023,36.0868288329686
2024-03-08,"_063","Fe2",0.81,"below detection",0.436666666666667,0.402657836547773,92.2117182933832
2024-03-08,"_063","Fe2",0.01,"below detection",0.436666666666667,0.402657836547773,92.2117182933832
2024-03-08,"_063","Fe2",0.49,"below detection",0.436666666666667,0.402657836547773,92.2117182933832
2024-03-08,"_064","Fe2",0.12,"below detection",0.065,0.0777817459305202,119.664224508493
2024-03-08,"_064","Fe2",0.01,"below detection",0.065,0.0777817459305202,119.664224508493
2024-03-08,"_065","Fe2",0.01,"below detection",0.01,,
2024-03-08,"_068","Fe2",0.33,"below detection",0.346666666666667,0.0288675134594813,8.32716734408114
2024-03-08,"_068","Fe2",0.38,"below detection",0.346666666666667,0.0288675134594813,8.32716734408114
2024-03-08,"_068","Fe2",0.33,"below detection",0.346666666666667,0.0288675134594813,8.32716734408114
2024-03-08,"_069","Fe2",0.33,"below detection",0.473333333333333,0.248260615751539,52.4494258630012
2024-03-08,"_069","Fe2",0.76,"below detection",0.473333333333333,0.248260615751539,52.4494258630012
2024-03-08,"_069","Fe2",0.33,"below detection",0.473333333333333,0.248260615751539,52.4494258630012
2024-03-08,"_070","Fe2",0.33,"below detection",0.33,0.05,15.1515151515151
2024-03-08,"_070","Fe2",0.28,"below detection",0.33,0.05,15.1515151515151
2024-03-08,"_070","Fe2",0.38,"below detection",0.33,0.05,15.1515151515151
2024-03-08,"_071","Fe2",0.28,"below detection",0.313333333333333,0.0577350269189626,18.4260724209455
2024-03-08,"_071","Fe2",0.28,"below detection",0.313333333333333,0.0577350269189626,18.4260724209455
2024-03-08,"_071","Fe2",0.38,"below detection",0.313333333333333,0.0577350269189626,18.4260724209455
2024-03-08,"_072","Fe2",0.33,"below detection",0.313333333333333,0.0288675134594813,9.21303621047275
2024-03-08,"_072","Fe2",0.33,"below detection",0.313333333333333,0.0288675134594813,9.21303621047275
2024-03-08,"_072","Fe2",0.28,"below detection",0.313333333333333,0.0288675134594813,9.21303621047275
2024-03-08,"_075","Fe2",0.44,"below detection",0.333333333333333,0.0923760430703401,27.712812921102
2024-03-08,"_075","Fe2",0.28,"below detection",0.333333333333333,0.0923760430703401,27.712812921102
2024-03-08,"_075","Fe2",0.28,"below detection",0.333333333333333,0.0923760430703401,27.712812921102
2024-03-08,"_076","Fe2",0.38,"below detection",0.346666666666667,0.0288675134594813,8.32716734408114
2024-03-08,"_076","Fe2",0.33,"below detection",0.346666666666667,0.0288675134594813,8.32716734408114
2024-03-08,"_076","Fe2",0.33,"below detection",0.346666666666667,0.0288675134594813,8.32716734408114
2024-03-08,"_077","Fe2",0.28,"below detection",0.28,0,0
2024-03-08,"_077","Fe2",0.28,"below detection",0.28,0,0
2024-03-08,"_077","Fe2",0.28,"below detection",0.28,0,0
2024-03-08,"_078","Fe2",0.33,"below detection",0.47,0.342198772645373,72.8082494990156
2024-03-08,"_078","Fe2",0.22,"below detection",0.47,0.342198772645373,72.8082494990156
2024-03-08,"_078","Fe2",0.86,"below detection",0.47,0.342198772645373,72.8082494990156
2024-03-08,"_079","Fe2",0.33,"below detection",0.293333333333333,0.0635085296108588,21.650635094611
2024-03-08,"_079","Fe2",0.33,"below detection",0.293333333333333,0.0635085296108588,21.650635094611
2024-03-08,"_079","Fe2",0.22,"below detection",0.293333333333333,0.0635085296108588,21.650635094611
2024-03-08,"_080","Fe2",0.22,"below detection",0.293333333333333,0.0808290376865476,27.5553537567776
2024-03-08,"_080","Fe2",0.28,"below detection",0.293333333333333,0.0808290376865476,27.5553537567776
2024-03-08,"_080","Fe2",0.38,"below detection",0.293333333333333,0.0808290376865476,27.5553537567776
2024-03-08,"_081","Fe2",0.06,"below detection",0.06,,
2024-03-08,"_082","Fe2",0.38,"below detection",0.38,0,0
2024-03-08,"_082","Fe2",0.38,"below detection",0.38,0,0
2024-03-08,"_082","Fe2",0.38,"below detection",0.38,0,0
2024-03-08,"_083","Fe2",0.86,"below detection",0.896666666666667,0.158219257150744,17.6452703142094
2024-03-08,"_083","Fe2",0.76,"below detection",0.896666666666667,0.158219257150744,17.6452703142094
2024-03-08,"_083","Fe2",1.07,"below detection",0.896666666666667,0.158219257150744,17.6452703142094
2024-03-08,"_084","Fe2",0.81,"below detection",0.88,0.121243556529821,13.7776768783888
2024-03-08,"_084","Fe2",1.02,"below detection",0.88,0.121243556529821,13.7776768783888
2024-03-08,"_084","Fe2",0.81,"below detection",0.88,0.121243556529821,13.7776768783888
2024-03-08,"_085","Fe2",0.65,"below detection",0.703333333333333,0.055075705472861,7.8306690245774
2024-03-08,"_085","Fe2",0.76,"below detection",0.703333333333333,0.055075705472861,7.8306690245774
2024-03-08,"_085","Fe2",0.7,"below detection",0.703333333333333,0.055075705472861,7.8306690245774
2024-03-08,"_086","Fe2",0.97,"below detection",0.843333333333333,0.135769412362775,16.0991398058627
2024-03-08,"_086","Fe2",0.86,"below detection",0.843333333333333,0.135769412362775,16.0991398058627
2024-03-08,"_086","Fe2",0.7,"below detection",0.843333333333333,0.135769412362775,16.0991398058627
2024-03-08,"_087","Fe2",1.02,"below detection",0.983333333333333,0.109696551146029,11.1555814724775
2024-03-08,"_087","Fe2",0.86,"below detection",0.983333333333333,0.109696551146029,11.1555814724775
2024-03-08,"_087","Fe2",1.07,"below detection",0.983333333333333,0.109696551146029,11.1555814724775
2024-03-08,"_088","Fe2",0.86,"below detection",0.826666666666667,0.0577350269189626,6.98407583697128
2024-03-08,"_088","Fe2",0.76,"below detection",0.826666666666667,0.0577350269189626,6.98407583697128
2024-03-08,"_088","Fe2",0.86,"below detection",0.826666666666667,0.0577350269189626,6.98407583697128
2024-03-08,"_091","Fe2",0.7,"below detection",0.72,0.0346410161513776,4.81125224324689
2024-03-08,"_091","Fe2",0.76,"below detection",0.72,0.0346410161513776,4.81125224324689
2024-03-08,"_091","Fe2",0.7,"below detection",0.72,0.0346410161513776,4.81125224324689
2024-03-08,"_092","Fe2",0.65,"below detection",0.9,0.342198772645373,38.0220858494859
2024-03-08,"_092","Fe2",0.76,"below detection",0.9,0.342198772645373,38.0220858494859
2024-03-08,"_092","Fe2",1.29,"below detection",0.9,0.342198772645373,38.0220858494859
2024-03-08,"_093","Fe2",0.65,"below detection",0.703333333333333,0.055075705472861,7.8306690245774
2024-03-08,"_093","Fe2",0.7,"below detection",0.703333333333333,0.055075705472861,7.8306690245774
2024-03-08,"_093","Fe2",0.76,"below detection",0.703333333333333,0.055075705472861,7.8306690245774
2024-03-08,"_094","Fe2",0.76,"below detection",0.916666666666667,0.229419557434263,25.0275880837378
2024-03-08,"_094","Fe2",0.81,"below detection",0.916666666666667,0.229419557434263,25.0275880837378
2024-03-08,"_094","Fe2",1.18,"below detection",0.916666666666667,0.229419557434263,25.0275880837378
2024-03-08,"_095","Fe2",0.91,"below detection",1.07333333333333,0.143643076176102,13.3828952959101
2024-03-08,"_095","Fe2",1.18,"below detection",1.07333333333333,0.143643076176102,13.3828952959101
2024-03-08,"_095","Fe2",1.13,"below detection",1.07333333333333,0.143643076176102,13.3828952959101
2024-03-08,"_096","Fe2",0.76,"below detection",0.88,0.13114877048604,14.9032693734136
2024-03-08,"_096","Fe2",0.86,"below detection",0.88,0.13114877048604,14.9032693734136
2024-03-08,"_096","Fe2",1.02,"below detection",0.88,0.13114877048604,14.9032693734136
2024-03-08,"_099","Fe2",0.38,"below detection",0.4,0.0346410161513775,8.66025403784439
2024-03-08,"_099","Fe2",0.44,"below detection",0.4,0.0346410161513775,8.66025403784439
2024-03-08,"_099","Fe2",0.38,"below detection",0.4,0.0346410161513775,8.66025403784439
2024-03-08,"_100","Fe2",0.38,"below detection",0.486666666666667,0.18475208614068,37.9627574261672
2024-03-08,"_100","Fe2",0.7,"below detection",0.486666666666667,0.18475208614068,37.9627574261672
2024-03-08,"_100","Fe2",0.38,"below detection",0.486666666666667,0.18475208614068,37.9627574261672
2024-03-08,"_001","Fe_total",0.12,"below detection",0.08,0.0346410161513775,43.3012701892219
2024-03-08,"_001","Fe_total",0.06,"below detection",0.08,0.0346410161513775,43.3012701892219
2024-03-08,"_001","Fe_total",0.06,"below detection",0.08,0.0346410161513775,43.3012701892219
2024-03-08,"_002","Fe_total",0.06,"below detection",0.06,0,0
2024-03-08,"_002","Fe_total",0.06,"below detection",0.06,0,0
2024-03-08,"_002","Fe_total",0.06,"below detection",0.06,0,0
2024-03-08,"_003","Fe_total",16.97,,15.34,1.76830427245992,11.5274072520203
2024-03-08,"_003","Fe_total",15.59,,15.34,1.76830427245992,11.5274072520203
2024-03-08,"_003","Fe_total",13.46,,15.34,1.76830427245992,11.5274072520203
2024-03-08,"_004","Fe_total",17.98,,16.9333333333333,0.91571465715764,5.40776372337189
2024-03-08,"_004","Fe_total",16.54,,16.9333333333333,0.91571465715764,5.40776372337189
2024-03-08,"_004","Fe_total",16.28,,16.9333333333333,0.91571465715764,5.40776372337189
2024-03-08,"_005","Fe_total",17.82,,17.3233333333333,0.480867272054705,2.77583570553034
2024-03-08,"_005","Fe_total",16.86,,17.3233333333333,0.480867272054705,2.77583570553034
2024-03-08,"_005","Fe_total",17.29,,17.3233333333333,0.480867272054705,2.77583570553034
2024-03-08,"_006","Fe_total",14.84,,13.4766666666667,1.21697712933865,9.03025324762785
2024-03-08,"_006","Fe_total",12.5,,13.4766666666667,1.21697712933865,9.03025324762785
2024-03-08,"_006","Fe_total",13.09,,13.4766666666667,1.21697712933865,9.03025324762785
2024-03-08,"_007","Fe_total",13.14,,13.0166666666667,0.673523075575985,5.17431300058375
2024-03-08,"_007","Fe_total",12.29,,13.0166666666667,0.673523075575985,5.17431300058375
2024-03-08,"_007","Fe_total",13.62,,13.0166666666667,0.673523075575985,5.17431300058375
2024-03-08,"_008","Fe_total",13.03,,11.8633333333333,1.03195607141648,8.69870248454463
2024-03-08,"_008","Fe_total",11.07,,11.8633333333333,1.03195607141648,8.69870248454463
2024-03-08,"_008","Fe_total",11.49,,11.8633333333333,1.03195607141648,8.69870248454463
2024-03-08,"_009","Fe_total",3.04,"below detection",3.07333333333333,0.162583311976763,5.29012945694455
2024-03-08,"_009","Fe_total",3.25,"below detection",3.07333333333333,0.162583311976763,5.29012945694455
2024-03-08,"_009","Fe_total",2.93,"below detection",3.07333333333333,0.162583311976763,5.29012945694455
2024-03-08,"_010","Fe_total",0.06,"below detection",0.08,0.0818535277187245,102.316909648406
2024-03-08,"_010","Fe_total",0.17,"below detection",0.08,0.0818535277187245,102.316909648406
2024-03-08,"_010","Fe_total",0.01,"below detection",0.08,0.0818535277187245,102.316909648406
2024-03-08,"_011","Fe_total",16.65,,14.8233333333333,2.1191114490119,14.2957822060619
2024-03-08,"_011","Fe_total",12.5,,14.8233333333333,2.1191114490119,14.2957822060619
2024-03-08,"_011","Fe_total",15.32,,14.8233333333333,2.1191114490119,14.2957822060619
2024-03-08,"_012","Fe_total",14.73,,15.6,0.809135340965897,5.18676500619165
2024-03-08,"_012","Fe_total",16.33,,15.6,0.809135340965897,5.18676500619165
2024-03-08,"_012","Fe_total",15.74,,15.6,0.809135340965897,5.18676500619165
2024-03-08,"_013","Fe_total",17.07,,16.1333333333333,0.814636933445405,5.0494024800335
2024-03-08,"_013","Fe_total",15.74,,16.1333333333333,0.814636933445405,5.0494024800335
2024-03-08,"_013","Fe_total",15.59,,16.1333333333333,0.814636933445405,5.0494024800335
2024-03-08,"_014","Fe_total",11.81,,12.155,0.487903679018717,4.01401628151968
2024-03-08,"_014","Fe_total",12.5,,12.155,0.487903679018717,4.01401628151968
2024-03-08,"_015","Fe_total",12.45,,13.4766666666667,0.890524190201105,6.60789653871708
2024-03-08,"_015","Fe_total",13.94,,13.4766666666667,0.890524190201105,6.60789653871708
2024-03-08,"_015","Fe_total",14.04,,13.4766666666667,0.890524190201105,6.60789653871708
2024-03-08,"_016","Fe_total",13.19,,13.6866666666667,1.00201463728497,7.32110061338265
2024-03-08,"_016","Fe_total",13.03,,13.6866666666667,1.00201463728497,7.32110061338265
2024-03-08,"_016","Fe_total",14.84,,13.6866666666667,1.00201463728497,7.32110061338265
2024-03-08,"_017","Fe_total",4.26,"below detection",4.3,0.0346410161513778,0.805605026776229
2024-03-08,"_017","Fe_total",4.32,"below detection",4.3,0.0346410161513778,0.805605026776229
2024-03-08,"_017","Fe_total",4.32,"below detection",4.3,0.0346410161513778,0.805605026776229
2024-03-08,"_018","Fe_total",3.41,"below detection",3.28666666666667,0.213619599600162,6.49958213793595
2024-03-08,"_018","Fe_total",3.04,"below detection",3.28666666666667,0.213619599600162,6.49958213793595
2024-03-08,"_018","Fe_total",3.41,"below detection",3.28666666666667,0.213619599600162,6.49958213793595
2024-03-08,"_019","Fe_total",30.36,,28.685,2.36880771697493,8.25800145363407
2024-03-08,"_019","Fe_total",27.01,,28.685,2.36880771697493,8.25800145363407
2024-03-08,"_020","Fe_total",79.69,,77.83,2.9488302765673,3.78880929791507
2024-03-08,"_020","Fe_total",74.43,,77.83,2.9488302765673,3.78880929791507
2024-03-08,"_020","Fe_total",79.37,,77.83,2.9488302765673,3.78880929791507
2024-03-08,"_021","Fe_total",37.75,,33.6933333333333,3.96353798182045,11.7635674173539
2024-03-08,"_021","Fe_total",33.5,,33.6933333333333,3.96353798182045,11.7635674173539
2024-03-08,"_021","Fe_total",29.83,,33.6933333333333,3.96353798182045,11.7635674173539
2024-03-08,"_022","Fe_total",22.07,,21.3066666666667,1.80073133291264,8.4514924886388
2024-03-08,"_022","Fe_total",19.25,,21.3066666666667,1.80073133291264,8.4514924886388
2024-03-08,"_022","Fe_total",22.6,,21.3066666666667,1.80073133291264,8.4514924886388
2024-03-08,"_023","Fe_total",20.69,,19.27,1.59135162676261,8.25818176835812
2024-03-08,"_023","Fe_total",19.57,,19.27,1.59135162676261,8.25818176835812
2024-03-08,"_023","Fe_total",17.55,,19.27,1.59135162676261,8.25818176835812
2024-03-08,"_024","Fe_total",19.57,,19.29,0.29051678092668,1.50604863103515
2024-03-08,"_024","Fe_total",19.31,,19.29,0.29051678092668,1.50604863103515
2024-03-08,"_024","Fe_total",18.99,,19.29,0.29051678092668,1.50604863103515
2024-03-08,"_025","Fe_total",3.2,"below detection",3.18333333333333,0.0288675134594814,0.90683288354392
2024-03-08,"_025","Fe_total",3.2,"below detection",3.18333333333333,0.0288675134594814,0.90683288354392
2024-03-08,"_025","Fe_total",3.15,"below detection",3.18333333333333,0.0288675134594814,0.90683288354392
2024-03-08,"_026","Fe_total",4.05,"below detection",3.96333333333333,0.251462389500564,6.34471966780228
2024-03-08,"_026","Fe_total",3.68,"below detection",3.96333333333333,0.251462389500564,6.34471966780228
2024-03-08,"_026","Fe_total",4.16,"below detection",3.96333333333333,0.251462389500564,6.34471966780228
2024-03-08,"_027","Fe_total",0.17,"below detection",0.08,0.0818535277187245,102.316909648406
2024-03-08,"_027","Fe_total",0.01,"below detection",0.08,0.0818535277187245,102.316909648406
2024-03-08,"_027","Fe_total",0.06,"below detection",0.08,0.0818535277187245,102.316909648406
2024-03-08,"_028","Fe_total",38.81,,37.295,2.14253354699524,5.74482785090559
2024-03-08,"_028","Fe_total",35.78,,37.295,2.14253354699524,5.74482785090559
2024-03-08,"_029","Fe_total",32.97,,33.16,2.37071719106265,7.1493280791998
2024-03-08,"_029","Fe_total",30.89,,33.16,2.37071719106265,7.1493280791998
2024-03-08,"_029","Fe_total",35.62,,33.16,2.37071719106265,7.1493280791998
2024-03-08,"_030","Fe_total",19.84,,19.38,0.429301758673314,2.21517935331948
2024-03-08,"_030","Fe_total",18.99,,19.38,0.429301758673314,2.21517935331948
2024-03-08,"_030","Fe_total",19.31,,19.38,0.429301758673314,2.21517935331948
2024-03-08,"_031","Fe_total",21.8,,19.5533333333333,1.95000854698982,9.9727678843666
2024-03-08,"_031","Fe_total",18.3,,19.5533333333333,1.95000854698982,9.9727678843666
2024-03-08,"_031","Fe_total",18.56,,19.5533333333333,1.95000854698982,9.9727678843666
2024-03-08,"_032","Fe_total",20.42,,21.8933333333333,1.93897739371384,8.85647408821792
2024-03-08,"_032","Fe_total",24.09,,21.8933333333333,1.93897739371384,8.85647408821792
2024-03-08,"_032","Fe_total",21.17,,21.8933333333333,1.93897739371384,8.85647408821792
2024-03-08,"_033","Fe_total",4.48,"below detection",4.54666666666667,0.325166623953526,7.1517585913532
2024-03-08,"_033","Fe_total",4.26,"below detection",4.54666666666667,0.325166623953526,7.1517585913532
2024-03-08,"_033","Fe_total",4.9,"below detection",4.54666666666667,0.325166623953526,7.1517585913532
2024-03-08,"_034","Fe_total",2.83,"below detection",2.86333333333333,0.0577350269189626,2.01635716829904
2024-03-08,"_034","Fe_total",2.83,"below detection",2.86333333333333,0.0577350269189626,2.01635716829904
2024-03-08,"_034","Fe_total",2.93,"below detection",2.86333333333333,0.0577350269189626,2.01635716829904
2024-03-08,"_035","Fe_total",0.33,"below detection",0.33,0,0
2024-03-08,"_035","Fe_total",0.33,"below detection",0.33,0,0
2024-03-08,"_035","Fe_total",0.33,"below detection",0.33,0,0
2024-03-08,"_036","Fe_total",0.22,"below detection",0.26,0.0346410161513776,13.3234677505298
2024-03-08,"_036","Fe_total",0.28,"below detection",0.26,0.0346410161513776,13.3234677505298
2024-03-08,"_036","Fe_total",0.28,"below detection",0.26,0.0346410161513776,13.3234677505298
2024-03-08,"_037","Fe_total",1.66,"below detection",1.66,0,0
2024-03-08,"_037","Fe_total",1.66,"below detection",1.66,0,0
2024-03-08,"_037","Fe_total",1.66,"below detection",1.66,0,0
2024-03-08,"_038","Fe_total",0.97,"below detection",1.21666666666667,0.219393102292058,18.0323097774294
2024-03-08,"_038","Fe_total",1.29,"below detection",1.21666666666667,0.219393102292058,18.0323097774294
2024-03-08,"_038","Fe_total",1.39,"below detection",1.21666666666667,0.219393102292058,18.0323097774294
2024-03-08,"_039","Fe_total",1.13,"below detection",1.09,0.0346410161513774,3.17807487627316
2024-03-08,"_039","Fe_total",1.07,"below detection",1.09,0.0346410161513774,3.17807487627316
2024-03-08,"_039","Fe_total",1.07,"below detection",1.09,0.0346410161513774,3.17807487627316
2024-03-08,"_040","Fe_total",1.02,"below detection",1.07333333333333,0.0923760430703401,8.60646364009379
2024-03-08,"_040","Fe_total",1.02,"below detection",1.07333333333333,0.0923760430703401,8.60646364009379
2024-03-08,"_040","Fe_total",1.18,"below detection",1.07333333333333,0.0923760430703401,8.60646364009379
2024-03-08,"_041","Fe_total",0.86,"below detection",0.913333333333333,0.0923760430703401,10.1141652996723
2024-03-08,"_041","Fe_total",0.86,"below detection",0.913333333333333,0.0923760430703401,10.1141652996723
2024-03-08,"_041","Fe_total",1.02,"below detection",0.913333333333333,0.0923760430703401,10.1141652996723
2024-03-08,"_042","Fe_total",0.33,"below detection",0.313333333333333,0.0288675134594813,9.21303621047275
2024-03-08,"_042","Fe_total",0.28,"below detection",0.313333333333333,0.0288675134594813,9.21303621047275
2024-03-08,"_042","Fe_total",0.33,"below detection",0.313333333333333,0.0288675134594813,9.21303621047275
2024-03-08,"_043","Fe_total",0.12,"below detection",0.12,0,0
2024-03-08,"_043","Fe_total",0.12,"below detection",0.12,0,0
2024-03-08,"_043","Fe_total",0.12,"below detection",0.12,0,0
2024-03-08,"_044","Fe_total",0.01,"below detection",0.0433333333333333,0.0288675134594813,66.6173387526491
2024-03-08,"_044","Fe_total",0.06,"below detection",0.0433333333333333,0.0288675134594813,66.6173387526491
2024-03-08,"_044","Fe_total",0.06,"below detection",0.0433333333333333,0.0288675134594813,66.6173387526491
2024-03-08,"_045","Fe_total",35.62,,33.0166666666667,2.25859100621014,6.84076024091915
2024-03-08,"_045","Fe_total",31.58,,33.0166666666667,2.25859100621014,6.84076024091915
2024-03-08,"_045","Fe_total",31.85,,33.0166666666667,2.25859100621014,6.84076024091915
2024-03-08,"_046","Fe_total",0.97,"below detection",0.966666666666667,0.055075705472861,5.69748677305459
2024-03-08,"_046","Fe_total",0.91,"below detection",0.966666666666667,0.055075705472861,5.69748677305459
2024-03-08,"_046","Fe_total",1.02,"below detection",0.966666666666667,0.055075705472861,5.69748677305459
2024-03-08,"_047","Fe_total",1.23,"below detection",1.21333333333333,0.0288675134594813,2.37919066973747
2024-03-08,"_047","Fe_total",1.23,"below detection",1.21333333333333,0.0288675134594813,2.37919066973747
2024-03-08,"_047","Fe_total",1.18,"below detection",1.21333333333333,0.0288675134594813,2.37919066973747
2024-03-08,"_048","Fe_total",0.28,"below detection",0.296666666666667,0.0288675134594813,9.73062251443189
2024-03-08,"_048","Fe_total",0.33,"below detection",0.296666666666667,0.0288675134594813,9.73062251443189
2024-03-08,"_048","Fe_total",0.28,"below detection",0.296666666666667,0.0288675134594813,9.73062251443189
2024-03-08,"_049","Fe_total",0.7,"below detection",0.56,0.121243556529821,21.650635094611
2024-03-08,"_049","Fe_total",0.49,"below detection",0.56,0.121243556529821,21.650635094611
2024-03-08,"_049","Fe_total",0.49,"below detection",0.56,0.121243556529821,21.650635094611
2024-03-08,"_050","Fe_total",0.6,"below detection",0.526666666666667,0.0808290376865476,15.3472856366863
2024-03-08,"_050","Fe_total",0.44,"below detection",0.526666666666667,0.0808290376865476,15.3472856366863
2024-03-08,"_050","Fe_total",0.54,"below detection",0.526666666666667,0.0808290376865476,15.3472856366863
2024-03-08,"_051","Fe_total",0.28,"below detection",0.28,0,0
2024-03-08,"_051","Fe_total",0.28,"below detection",0.28,0,0
2024-03-08,"_051","Fe_total",0.28,"below detection",0.28,0,0
2024-03-08,"_052","Fe_total",0.44,"below detection",0.4,0.0346410161513775,8.66025403784439
2024-03-08,"_052","Fe_total",0.38,"below detection",0.4,0.0346410161513775,8.66025403784439
2024-03-08,"_052","Fe_total",0.38,"below detection",0.4,0.0346410161513775,8.66025403784439
2024-03-08,"_053","Fe_total",1.71,"below detection",1.73,0.0346410161513776,2.00237087580217
2024-03-08,"_053","Fe_total",1.71,"below detection",1.73,0.0346410161513776,2.00237087580217
2024-03-08,"_053","Fe_total",1.77,"below detection",1.73,0.0346410161513776,2.00237087580217
2024-03-08,"_054","Fe_total",2.03,"below detection",1.82,0.19,10.4395604395604
2024-03-08,"_054","Fe_total",1.66,"below detection",1.82,0.19,10.4395604395604
2024-03-08,"_054","Fe_total",1.77,"below detection",1.82,0.19,10.4395604395604
2024-03-08,"_055","Fe_total",0.76,"below detection",0.863333333333333,0.178978583448784,20.7311100519827
2024-03-08,"_055","Fe_total",0.76,"below detection",0.863333333333333,0.178978583448784,20.7311100519827
2024-03-08,"_055","Fe_total",1.07,"below detection",0.863333333333333,0.178978583448784,20.7311100519827
2024-03-08,"_056","Fe_total",0.12,"below detection",0.12,0,0
2024-03-08,"_056","Fe_total",0.12,"below detection",0.12,0,0
2024-03-08,"_056","Fe_total",0.12,"below detection",0.12,0,0
2024-03-08,"_063","Fe_total",1.23,"below detection",1.28666666666667,0.0550757054728611,4.28049524400475
2024-03-08,"_063","Fe_total",1.29,"below detection",1.28666666666667,0.0550757054728611,4.28049524400475
2024-03-08,"_063","Fe_total",1.34,"below detection",1.28666666666667,0.0550757054728611,4.28049524400475
2024-03-08,"_064","Fe_total",0.06,"below detection",0.38,0.45254833995939,119.091668410366
2024-03-08,"_064","Fe_total",0.7,"below detection",0.38,0.45254833995939,119.091668410366
2024-03-08,"_065","Fe_total",97.55,,32.5566666666667,56.2858777432966,172.885874096334
2024-03-08,"_065","Fe_total",0.06,"below detection",32.5566666666667,56.2858777432966,172.885874096334
2024-03-08,"_065","Fe_total",0.06,"below detection",32.5566666666667,56.2858777432966,172.885874096334
2024-03-08,"_068","Fe_total",1.39,"below detection",1.30333333333333,0.0808290376865476,6.20171644653818
2024-03-08,"_068","Fe_total",1.23,"below detection",1.30333333333333,0.0808290376865476,6.20171644653818
2024-03-08,"_068","Fe_total",1.29,"below detection",1.30333333333333,0.0808290376865476,6.20171644653818
2024-03-08,"_069","Fe_total",1.18,"below detection",1.19666666666667,0.0288675134594813,2.41232703004022
2024-03-08,"_069","Fe_total",1.18,"below detection",1.19666666666667,0.0288675134594813,2.41232703004022
2024-03-08,"_069","Fe_total",1.23,"below detection",1.19666666666667,0.0288675134594813,2.41232703004022
2024-03-08,"_070","Fe_total",1.29,"below detection",1.2,0.0818535277187246,6.82112730989371
2024-03-08,"_070","Fe_total",1.13,"below detection",1.2,0.0818535277187246,6.82112730989371
2024-03-08,"_070","Fe_total",1.18,"below detection",1.2,0.0818535277187246,6.82112730989371
2024-03-08,"_071","Fe_total",0.65,"below detection",0.625,0.0353553390593274,5.65685424949239
2024-03-08,"_071","Fe_total",0.6,"below detection",0.625,0.0353553390593274,5.65685424949239
2024-03-08,"_072","Fe_total",1.29,"below detection",0.953333333333333,0.292631736715848,30.6956367184456
2024-03-08,"_072","Fe_total",0.81,"below detection",0.953333333333333,0.292631736715848,30.6956367184456
2024-03-08,"_072","Fe_total",0.76,"below detection",0.953333333333333,0.292631736715848,30.6956367184456
2024-03-08,"_075","Fe_total",1.18,"below detection",1.25,0.223383079036887,17.8706463229509
2024-03-08,"_075","Fe_total",1.5,"below detection",1.25,0.223383079036887,17.8706463229509
2024-03-08,"_075","Fe_total",1.07,"below detection",1.25,0.223383079036887,17.8706463229509
2024-03-08,"_076","Fe_total",1.18,"below detection",1.41,0.200748598998847,14.2374892906984
2024-03-08,"_076","Fe_total",1.5,"below detection",1.41,0.200748598998847,14.2374892906984
2024-03-08,"_076","Fe_total",1.55,"below detection",1.41,0.200748598998847,14.2374892906984
2024-03-08,"_077","Fe_total",1.18,"below detection",1.27,0.155884572681199,12.2743758016692
2024-03-08,"_077","Fe_total",1.45,"below detection",1.27,0.155884572681199,12.2743758016692
2024-03-08,"_077","Fe_total",1.18,"below detection",1.27,0.155884572681199,12.2743758016692
2024-03-08,"_078","Fe_total",0.81,"below detection",0.86,0.19,22.093023255814
2024-03-08,"_078","Fe_total",0.7,"below detection",0.86,0.19,22.093023255814
2024-03-08,"_078","Fe_total",1.07,"below detection",0.86,0.19,22.093023255814
2024-03-08,"_079","Fe_total",0.97,"below detection",0.9,0.121243556529821,13.4715062810913
2024-03-08,"_079","Fe_total",0.76,"below detection",0.9,0.121243556529821,13.4715062810913
2024-03-08,"_079","Fe_total",0.97,"below detection",0.9,0.121243556529821,13.4715062810913
2024-03-08,"_080","Fe_total",1.07,"below detection",0.95,0.26153393661244,27.5298880644674
2024-03-08,"_080","Fe_total",1.13,"below detection",0.95,0.26153393661244,27.5298880644674
2024-03-08,"_080","Fe_total",0.65,"below detection",0.95,0.26153393661244,27.5298880644674
2024-03-08,"_081","Fe_total",0.06,"below detection",0.06,0,0
2024-03-08,"_081","Fe_total",0.06,"below detection",0.06,0,0
2024-03-08,"_081","Fe_total",0.06,"below detection",0.06,0,0
2024-03-08,"_082","Fe_total",9.42,,6.975,3.45775216000222,49.5735076702827
2024-03-08,"_082","Fe_total",4.53,"below detection",6.975,3.45775216000222,49.5735076702827
2024-03-08,"_083","Fe_total",11.49,,16.17,8.10599777942235,50.1298563971697
2024-03-08,"_083","Fe_total",25.53,,16.17,8.10599777942235,50.1298563971697
2024-03-08,"_083","Fe_total",11.49,,16.17,8.10599777942235,50.1298563971697
2024-03-08,"_084","Fe_total",13.72,,12.2333333333333,1.29739482553821,10.6054072932279
2024-03-08,"_084","Fe_total",11.33,,12.2333333333333,1.29739482553821,10.6054072932279
2024-03-08,"_084","Fe_total",11.65,,12.2333333333333,1.29739482553821,10.6054072932279
2024-03-08,"_085","Fe_total",10.11,,10.0033333333333,0.18475208614068,1.84690522633136
2024-03-08,"_085","Fe_total",10.11,,10.0033333333333,0.18475208614068,1.84690522633136
2024-03-08,"_085","Fe_total",9.79,,10.0033333333333,0.18475208614068,1.84690522633136
2024-03-08,"_086","Fe_total",13.19,,12.9266666666667,0.229419557434263,1.77477739118822
2024-03-08,"_086","Fe_total",12.82,,12.9266666666667,0.229419557434263,1.77477739118822
2024-03-08,"_086","Fe_total",12.77,,12.9266666666667,0.229419557434263,1.77477739118822
2024-03-08,"_087","Fe_total",13.35,,12.4633333333333,0.784368110859521,6.29340554313603
2024-03-08,"_087","Fe_total",12.18,,12.4633333333333,0.784368110859521,6.29340554313603
2024-03-08,"_087","Fe_total",11.86,,12.4633333333333,0.784368110859521,6.29340554313603
2024-03-08,"_088","Fe_total",14.47,,13.5666666666667,0.793872365896013,5.85163906065857
2024-03-08,"_088","Fe_total",12.98,,13.5666666666667,0.793872365896013,5.85163906065857
2024-03-08,"_088","Fe_total",13.25,,13.5666666666667,0.793872365896013,5.85163906065857
2024-03-08,"_090","Fe_total",0.06,"below detection",0.06,,
2024-03-08,"_091","Fe_total",11.23,,10.9433333333333,0.733303029676909,6.70091102354775
2024-03-08,"_091","Fe_total",11.49,,10.9433333333333,0.733303029676909,6.70091102354775
2024-03-08,"_091","Fe_total",10.11,,10.9433333333333,0.733303029676909,6.70091102354775
2024-03-08,"_092","Fe_total",9.79,,10.68,0.967625960792703,9.06016817221632
2024-03-08,"_092","Fe_total",10.54,,10.68,0.967625960792703,9.06016817221632
2024-03-08,"_092","Fe_total",11.71,,10.68,0.967625960792703,9.06016817221632
2024-03-08,"_093","Fe_total",10.11,,10.18,0.223383079036887,2.19433279996942
2024-03-08,"_093","Fe_total",10,,10.18,0.223383079036887,2.19433279996942
2024-03-08,"_093","Fe_total",10.43,,10.18,0.223383079036887,2.19433279996942
2024-03-08,"_094","Fe_total",11.44,,11.6366666666667,0.172143351115672,1.47931839973364
2024-03-08,"_094","Fe_total",11.71,,11.6366666666667,0.172143351115672,1.47931839973364
2024-03-08,"_094","Fe_total",11.76,,11.6366666666667,0.172143351115672,1.47931839973364
2024-03-08,"_095","Fe_total",13.51,,13.5833333333333,0.533791469895627,3.92975315260584
2024-03-08,"_095","Fe_total",14.15,,13.5833333333333,0.533791469895627,3.92975315260584
2024-03-08,"_095","Fe_total",13.09,,13.5833333333333,0.533791469895627,3.92975315260584
2024-03-08,"_096","Fe_total",13.41,,13.4266666666667,0.0288675134594817,0.215001341555226
2024-03-08,"_096","Fe_total",13.41,,13.4266666666667,0.0288675134594817,0.215001341555226
2024-03-08,"_096","Fe_total",13.46,,13.4266666666667,0.0288675134594817,0.215001341555226
2024-03-08,"_097","Fe_total",0.06,"below detection",0.06,,
2024-03-08,"_098","Fe_total",0.01,"below detection",0.01,0,0
2024-03-08,"_098","Fe_total",0.01,"below detection",0.01,0,0
2024-03-08,"_098","Fe_total",0.01,"below detection",0.01,0,0
2024-03-08,"_099","Fe_total",3.15,"below detection",3.2,0.141774468787578,4.43045214961182
2024-03-08,"_099","Fe_total",3.36,"below detection",3.2,0.141774468787578,4.43045214961182
2024-03-08,"_099","Fe_total",3.09,"below detection",3.2,0.141774468787578,4.43045214961182
2024-03-08,"_100","Fe_total",2.83,"below detection",2.72,0.281602556806575,10.3530351767123
2024-03-08,"_100","Fe_total",2.93,"below detection",2.72,0.281602556806575,10.3530351767123
2024-03-08,"_100","Fe_total",2.4,"below detection",2.72,0.281602556806575,10.3530351767123
2024-03-08,"_057","Fe_total",0.17,"below detection",0.276666666666667,0.285365263010993,103.144070967829
2024-03-08,"_057","Fe_total",0.6,"below detection",0.276666666666667,0.285365263010993,103.144070967829
2024-03-08,"_057","Fe_total",0.06,"below detection",0.276666666666667,0.285365263010993,103.144070967829
2024-03-08,"_058","Fe_total",0.28,"below detection",0.313333333333333,0.0288675134594813,9.21303621047275
2024-03-08,"_058","Fe_total",0.33,"below detection",0.313333333333333,0.0288675134594813,9.21303621047275
2024-03-08,"_058","Fe_total",0.33,"below detection",0.313333333333333,0.0288675134594813,9.21303621047275
2024-03-08,"_059","Fe_total",0.33,"below detection",0.293333333333333,0.0635085296108588,21.650635094611
2024-03-08,"_059","Fe_total",0.33,"below detection",0.293333333333333,0.0635085296108588,21.650635094611
2024-03-08,"_059","Fe_total",0.22,"below detection",0.293333333333333,0.0635085296108588,21.650635094611
2024-03-08,"_060","Fe_total",1.98,"below detection",1.96,0.0818535277187244,4.17620039381247
2024-03-08,"_060","Fe_total",1.87,"below detection",1.96,0.0818535277187244,4.17620039381247
2024-03-08,"_060","Fe_total",2.03,"below detection",1.96,0.0818535277187244,4.17620039381247
2024-03-08,"_061","Fe_total",1.29,"below detection",1.99666666666667,0.690603600724275,34.5878264135697
2024-03-08,"_061","Fe_total",2.67,"below detection",1.99666666666667,0.690603600724275,34.5878264135697
2024-03-08,"_061","Fe_total",2.03,"below detection",1.99666666666667,0.690603600724275,34.5878264135697
2024-03-08,"_062","Fe_total",2.35,"below detection",2.38666666666667,0.0635085296108588,2.6609719110695
2024-03-08,"_062","Fe_total",2.46,"below detection",2.38666666666667,0.0635085296108588,2.6609719110695
2024-03-08,"_062","Fe_total",2.35,"below detection",2.38666666666667,0.0635085296108588,2.6609719110695
